model,brier_score,mean_predicted_probability,actual_churn_rate
Baseline Logistic,0.20031351916622608,0.4956401789010909,0.49421296296296297
Final XGBoost,0.2007252722978592,0.49192845821380615,0.49421296296296297
